Daily automated commit - Sun Oct 26 17:29:19 UTC 2025
Daily automated commit - Mon Oct 27 10:46:41 UTC 2025
Daily automated commit - Tue Oct 28 10:46:37 UTC 2025
Daily automated commit - Wed Oct 29 10:46:00 UTC 2025
Daily automated commit - Thu Oct 30 10:45:38 UTC 2025
Daily automated commit - Fri Oct 31 10:44:28 UTC 2025
Daily automated commit - Sat Nov  1 10:40:53 UTC 2025
Daily automated commit - Sun Nov  2 10:40:22 UTC 2025
Daily automated commit - Mon Nov  3 10:47:30 UTC 2025
Daily automated commit - Tue Nov  4 10:48:09 UTC 2025
